Passport, Name, Nationality, Trade, Official
V99162262U,Charley Errol Vancura,Cambodia,Electronics,N
N47320955P,Shante Filiberto Brunet,Vietnam,Mechanical CAD,N
D80921412C,Odelia Ruthe Ducey,Myanmar,CNC Maintenance,N
V64103153M,Maisha Freeda Brzoza,Cambodia,Graphic Design,N
D13447135O,Jannette Jannette Fryberger,Myanmar,Mobile Robotics,N
D88082974I,Maisha Annemarie Sit,Myanmar,Refigeration,Y
C55007895A,Cyndy Kesha Harrow,Philippines,Industrial Automation,Y
X11073967Z,Osvaldo Kandi Neel,Indonesia,Mechatronics,N
K54660077G,Salvatore Shameka Brien,Laos,Network Cabling,N
V22335194T,Maisha Errol Vancura,Cambodia,Electronics,N
C34008254S,Alan Errol Mizner,Philippines,Hairdressing,N
D56299477W,Odelia Jenise Suttell,Myanmar,Industrial Control,N
C53320721D,Michaela Carlotta Brzoza,Philippines,Fashion,N
K76705851Z,Cyndy Ramona Brzoza,Laos,Electronics,N
N33928655N,Jannette Margeret Philipson,Vietnam,Cooking,N
B36677367A,Shyla Kathi Forrester,Thailand,Mobile Robotics,N
B33291583W,Osvaldo Jannette Mizner,Thailand,Fashion,N
C93076842Y,Jannette Filiberto Joung,Philippines,Hairdressing,N
E63111731E,Odelia Shameka Kennedy,Singapore,Mobile Robotics,Y
V38815311V,Kym Twanda Depifanio,Cambodia,Electrical Installation,Y
N77954880Y,Michaela Jarrod Harrow,Vietnam,Hairdressing,Y
A14481961K,Nichelle Gil Vancura,Malaysia,Refigeration,N
D59083720M,Eleonore Shelby Joung,Myanmar,Rapid Transit,N
E91463444I,Brande Cyndy Brien,Singapore,Industrial Automation,N
B88421497V,Alan Ruthe Fryberger,Thailand,Software Solutions,N
D72733199T,Lulu Shyla Joung,Myanmar,Restaurant Service,N
C76144655M,Alan Shelby Brunet,Philippines,Industrial Automation,Y
B43814553X,Vilma Margeret Blackbourn,Thailand,Electronics,Y
N76777178P,Odelia Kandi Diaconis,Vietnam,Rapid Transit,N
C73879307F,Linnie Jenise Oettgen,Philippines,Hairdressing,N
B80629374I,Cristobal Cyndy Neel,Thailand,Electronics,Y
D29968632D,Lulu Harley Brien,Myanmar,Hairdressing,N
V82616285W,Odelia Margeret Tavitian,Cambodia,Beauty Therapy,Y
N72742669S,Maisha Kathi Suttell,Vietnam,Electronics,N
T40268562E,Ayako Jannette Depifanio,Brunei,Graphic Design,Y
B77992799F,Elida Shelby Vancura,Thailand,Network Administration,N
A66285888C,Ayako Shyla Kennedy,Malaysia,CNC Maintenance,N
D91562322O,Cyndy Gil Dangerfield,Myanmar,Electrical Installation,N
B13028604O,Ayako Jannette Filippucci,Thailand,Web Technologies,N
N16149726I,Eleonore Kathi Chu-chun-lin,Vietnam,Electrical Installation,Y
K70894245L,Nichelle Ruthe Lipatova,Laos,Industrial Control,Y
C61871905D,Alan Kandi Kennedy,Philippines,CNC Maintenance,N
X31845119Q,Marcie Filiberto Mizner,Indonesia,Industrial Automation,N
X81833434O,Michaela Eda Cassell,Indonesia,Mechatronics,Y
A99187901F,Elida Harley Ducey,Malaysia,Network Administration,N
N65717716R,Cristobal Shyla Mizner,Vietnam,Industrial Automation,N
V53902310U,Shante Gil Knuttunen,Cambodia,Industrial Control,Y
C44782330A,Cyndy Filiberto Diaconis,Philippines,Restaurant Service,N
T48033505D,Charley Jarrod Oettgen,Brunei,Mechanical CAD,N
X82233934J,Osvaldo Kesha Cassell,Indonesia,Software Solutions,N
E35033233O,Vilma Twanda Tavitian,Singapore,CNC Maintenance,Y
A68300641I,Charley Kandi Elton,Malaysia,Network Cabling,Y
X59610907O,Charley Antione Harrow,Indonesia,Automobile,N
B55367609E,Eleonore Ramona Lipatova,Thailand,Rapid Transit,N
N55019295J,Dixie Evangelina Fryberger,Vietnam,CNC Maintenance,N
N94219022E,Margeret Evangelina Blackbourn,Vietnam,Network Cabling,Y
V77185172H,Brande Harley Mizner,Cambodia,Graphic Design,N
V44622770B,Chad Kandi Diaconis,Cambodia,Electrical Installation,N
C56067317F,Nichelle Juana Joung,Philippines,Beauty Therapy,Y
T53057904P,Maisha Jarrod Fryberger,Brunei,Software Solutions,N
N89570111Q,Brande Harley Tavitian,Vietnam,Industrial Control,Y
D29992719C,Jannette Twana Fryberger,Myanmar,Mechatronics,Y
A24848718P,Julius Ruthe Chu-chun-lin,Malaysia,CNC Maintenance,N
B37565344D,Shyla Merna Clement,Thailand,Rapid Transit,N
V50543045U,Brande Kandi Philipson,Cambodia,Network Administration,N
X84383479A,Alan Kesha Brunet,Indonesia,Web Technologies,N
V80089838G,Alan Freeda Depifanio,Cambodia,Web Technologies,N
X59944451O,Nelida Evangelina Brien,Indonesia,Rapid Transit,Y
B19923612G,Shyla Shyla Depifanio,Thailand,Beauty Therapy,N
N83338427D,Marcie Evangelina Arber,Vietnam,Internet of Things,N
D54073848O,Alan Kandi Harrow,Myanmar,Network Cabling,N
D46111919V,Shante Gwenda Neel,Myanmar,Internet of Things,N
A28142271Z,Marcie Kathi Depifanio,Malaysia,Graphic Design,Y
T45971476R,Alan Jannette Elton,Brunei,Rapid Transit,Y
X75104025X,Osvaldo Annemarie Clement,Indonesia,Mobile Robotics,N
A35968891G,Laree Jannette Brien,Malaysia,Network Administration,N
E49871013F,Brande Jannette Tavitian,Singapore,Cooking,Y
C34433824L,Glenna Jenise Philipson,Philippines,Graphic Design,N
C38930071O,Laree Shelby Arber,Philippines,Mechatronics,Y
E62189300D,Elida Freeda Mizner,Singapore,Fashion,N
C40463986E,Jannette Kesha Tavitian,Philippines,Web Technologies,N
D19640458J,Cyndy Ramona Forrester,Myanmar,Restaurant Service,N
X68163196W,Shyla Kathi Elton,Indonesia,Web Technologies,Y
K31318152J,Glenna Shyla Brien,Laos,Beauty Therapy,Y
T41577034H,Vilma Merna Knuttunen,Brunei,Electrical Installation,N
D39324566R,Linnie Juana Sit,Myanmar,Rapid Transit,Y
N44023814X,Cecilia Freeda Brien,Vietnam,Web Technologies,N
T45841125A,Elida Carissa Fryberger,Brunei,Electronics,N
T17427819W,Fleta Twana Brzoza,Brunei,Electrical Installation,N
V53774525O,Cristobal Kesha Blackbourn,Cambodia,Beauty Therapy,N
E10272758Y,Cyndy Shelby Knuttunen,Singapore,Graphic Design,Y
N66952930S,Charley Carlotta Forrester,Vietnam,Electrical Installation,N
C63118397A,Salvatore Twana Dangerfield,Philippines,Rapid Transit,N
D48424510R,Vilma Evangelina Kennedy,Myanmar,Restaurant Service,Y
X75762842G,Julius Jarrod Brunet,Indonesia,Mobile Robotics,Y
K12835504X,Glenna Margeret Brzoza,Laos,Fashion,Y
K17010225W,Maisha Filiberto Oettgen,Laos,Graphic Design,N
K52308423Z,Jannette Harley Mizner,Laos,Automobile,N
T24725790Y,Osvaldo Eda Harrow,Brunei,Industrial Automation,Y
A78386702H,Linnie Filiberto Arber,Malaysia,Restaurant Service,N
K94379352R,Cyndy Juana Harrow,Laos,Hairdressing,Y
C10865130Y,Osvaldo Gwenda Ducey,Philippines,Rapid Transit,N
D67889277S,Dixie Jannette Brunet,Myanmar,Electronics,N
K68674805P,Michaela Juana Philipson,Laos,Network Cabling,N
T37190986E,Charley Evangelina Mizner,Brunei,Internet of Things,N
X56901213S,Cristobal Jenise Depifanio,Indonesia,Internet of Things,Y
K18558926D,Ayako Carissa Forrester,Laos,Mechanical CAD,Y
D42482818W,Jannette Shelby Depifanio,Myanmar,Industrial Automation,N
X34709116I,Cristobal Kathi Kennedy,Indonesia,Web Technologies,N
E84401750Z,Kym Jarrod Kennedy,Singapore,Cooking,N
V87549404U,Marcie Carissa Brunet,Cambodia,Industrial Control,N
D50727053Y,Ayako Freeda Ducey,Myanmar,Industrial Control,Y
A58722542P,Nelida Filiberto Tavitian,Malaysia,Hairdressing,Y
D15291045E,Brande Harley Forrester,Myanmar,Industrial Control,N
E64585033M,Margeret Errol Forrester,Singapore,Automobile,N
K50912513H,Jannette Annemarie Philipson,Laos,Industrial Automation,N
V77587153D,Valda Shelby Arber,Cambodia,Mobile Robotics,N
N87651142W,Laree Margeret Kennedy,Vietnam,Graphic Design,Y
E58149354X,Charley Annemarie Suttell,Singapore,Internet of Things,N
N20334677E,Ayako Jannette Brien,Vietnam,Cooking,N
N42938132T,Alan Twana Diaconis,Vietnam,Network Administration,N
B41232964H,Eleonore Antione Brien,Thailand,Industrial Automation,N
C30062517R,Dixie Annemarie Joung,Philippines,Web Technologies,N
B97126419E,Valda Gil Harrow,Thailand,Web Technologies,N
K28083708E,Eleonora Margeret Forrester,Laos,Mechanical CAD,N
N91227716C,Elida Errol Oettgen,Vietnam,Mechatronics,N
B29358018M,Laree Juana Philipson,Thailand,Industrial Control,Y
E59063820E,Michaela Kandi Brunet,Singapore,Network Cabling,N
N53417272I,Lulu Gwenda Blackbourn,Vietnam,Fashion,Y
X19339714V,Shyla Ruthe Suttell,Indonesia,Rapid Transit,N
C22488000C,Dixie Ruthe Diaconis,Philippines,Mechatronics,N
A23093753T,Shyla Evangelina Elton,Malaysia,Graphic Design,N
V12008622Q,Cristobal Carlotta Blackbourn,Cambodia,Electrical Installation,N
X85557924Q,Cecilia Evangelina Blackbourn,Indonesia,Industrial Automation,N
E54114496W,Fleta Gwenda Blackbourn,Singapore,Electrical Installation,Y
K28467875D,Shyla Merna Philipson,Laos,CNC Maintenance,Y
E10227948P,Valda Antione Suttell,Singapore,Internet of Things,N
N74420514Y,Brande Cyndy Joung,Vietnam,Refigeration,Y
V67379568S,Margeret Ramona Knuttunen,Cambodia,Hairdressing,Y
D32482184B,Salvatore Filiberto Filippucci,Myanmar,Restaurant Service,N
K25458220J,Maisha Jenise Dangerfield,Laos,Mobile Robotics,N
T82549077G,Dixie Gil Brien,Brunei,Mechatronics,N
V19570487V,Fleta Shameka Oettgen,Cambodia,CNC Maintenance,Y
T44281308I,Lulu Shyla Cassell,Brunei,Web Technologies,N
T96528544H,Lulu Kandi Brunet,Brunei,Rapid Transit,N
V67553580Z,Salvatore Carissa Clement,Cambodia,Electrical Installation,N
E46402294C,Marcie Jenise Blackbourn,Singapore,Industrial Control,N
A47133458I,Lulu Evangelina Tavitian,Malaysia,Mechanical CAD,N
B85235558A,Michaela Juana Harrow,Thailand,Electrical Installation,N
D78001140B,Glenna Filiberto Elton,Myanmar,Cooking,N
E35620197V,Lulu Eda Suttell,Singapore,CNC Maintenance,N
C73235216G,Shyla Twanda Mizner,Philippines,Electronics,N
B59094286H,Shante Margeret Chu-chun-lin,Thailand,Internet of Things,Y
N33294701C,Nichelle Carlotta Fryberger,Vietnam,Industrial Automation,Y
C60478289H,Laree Merna Depifanio,Philippines,Hairdressing,N
E47463939G,Lulu Evangelina Arber,Singapore,Beauty Therapy,N
V34451389V,Vilma Jenise Joung,Cambodia,Industrial Control,N
B40812105V,Osvaldo Carlotta Depifanio,Thailand,Industrial Control,N
C74038800U,Julius Gwenda Elton,Philippines,Restaurant Service,N
E89604519R,Elida Shelby Neel,Singapore,Internet of Things,N
T64106590Q,Michaela Brook Filippucci,Brunei,Rapid Transit,N
C31498791B,Shante Merna Kennedy,Philippines,Cooking,Y
D42319541A,Salvatore Filiberto Knuttunen,Myanmar,Beauty Therapy,Y
D42980416K,Brande Harley Joung,Myanmar,Mobile Robotics,Y
D86482107R,Shyla Shelby Elton,Myanmar,Electrical Installation,N
T15280890A,Michaela Shyla Oettgen,Brunei,Industrial Automation,Y
N94182727G,Margeret Shelby Suttell,Vietnam,Network Administration,N
C13601851M,Glenna Cyndy Tavitian,Philippines,Hairdressing,N
V81657127M,Margeret Kandi Lipatova,Cambodia,Electrical Installation,N
V94731868G,Odelia Gwenda Harrow,Cambodia,Cooking,Y
E53622253B,Chad Juana Suttell,Singapore,Industrial Automation,N
N77924862D,Valda Kathi Clement,Vietnam,Hairdressing,N
E98695698Q,Michaela Antione Kennedy,Singapore,Industrial Automation,Y
A22707852D,Ayako Twana Sit,Malaysia,Rapid Transit,N
B99421027Z,Valda Kandi Depifanio,Thailand,Restaurant Service,N
E68063213U,Eleonora Errol Dangerfield,Singapore,Network Cabling,N
N95202270N,Shante Aleshia Blackbourn,Vietnam,Beauty Therapy,N
X36116486Z,Fleta Ruthe Knuttunen,Indonesia,Mechatronics,N
X91825218J,Glenna Eleonore Filippucci,Indonesia,Graphic Design,N
K70567381Y,Eleonora Shyla Knuttunen,Laos,Automobile,N
C54877870W,Cecilia Shelby Fryberger,Philippines,Web Technologies,N
V51897960T,Brande Shameka Neel,Cambodia,Web Technologies,Y
K80201748A,Shyla Ramona Clement,Laos,Mechatronics,N
E15996752H,Cecilia Carissa Filippucci,Singapore,Mechatronics,N
V25321843P,Chad Margeret Brien,Cambodia,Software Solutions,N
N63198613F,Jannette Kesha Clement,Vietnam,Mobile Robotics,N
K70761686D,Brande Annemarie Forrester,Laos,Network Cabling,N
E15263309B,Michaela Jenise Philipson,Singapore,Internet of Things,N
D32321691Y,Charley Kandi Tavitian,Myanmar,Mechanical CAD,Y
D72469437S,Linnie Shameka Philipson,Myanmar,Graphic Design,Y
A27524898H,Odelia Evangelina Forrester,Malaysia,Internet of Things,Y
E14280207K,Osvaldo Shameka Neel,Singapore,Rapid Transit,Y
V98133532D,Alan Brook Oettgen,Cambodia,Graphic Design,N
V28487517I,Michaela Kesha Clement,Cambodia,Restaurant Service,N
D51638086M,Osvaldo Annemarie Cassell,Myanmar,Refigeration,N
T41186077K,Eleonora Gwenda Arber,Brunei,Network Administration,Y
A87389987X,Julius Ramona Lipatova,Malaysia,Hairdressing,Y
E41095929V,Marcie Twana Mizner,Singapore,CNC Maintenance,N
N96829823L,Charley Shyla Suttell,Vietnam,Mechatronics,N
A66090793T,Ayako Carlotta Joung,Malaysia,CNC Maintenance,Y
X41486685N,Eleonora Juana Cassell,Indonesia,Industrial Control,N
N44378337K,Cyndy Carlotta Neel,Vietnam,Network Administration,Y
A59103677R,Margeret Jarrod Ducey,Malaysia,Mechatronics,N
V63935696L,Cecilia Twanda Brien,Cambodia,Internet of Things,N
A21358650H,Brande Gwenda Filippucci,Malaysia,Beauty Therapy,Y
A78194292A,Cristobal Errol Brunet,Malaysia,Cooking,N
C91590384K,Glenna Filiberto Clement,Philippines,Software Solutions,N
E36285127F,Nelida Kathi Kennedy,Singapore,Mechatronics,N
T10976058R,Ayako Kathi Oettgen,Brunei,Graphic Design,N
C89836954U,Elida Juana Clement,Philippines,Network Administration,N
T31873762L,Laree Ramona Depifanio,Brunei,Rapid Transit,N
B33442302R,Cristobal Harley Sit,Thailand,Fashion,N
X89537070Z,Fleta Twanda Diaconis,Indonesia,Network Cabling,N
K21110866R,Shante Margeret Knuttunen,Laos,Industrial Control,N
N52596156Y,Cecilia Annemarie Arber,Vietnam,CNC Maintenance,Y
N78238588I,Shante Jannette Knuttunen,Vietnam,Software Solutions,N
A46340423J,Salvatore Jenise Cassell,Malaysia,Industrial Control,Y
T69815291Z,Valda Jarrod Elton,Brunei,Beauty Therapy,Y
N39205817Y,Elida Jenise Arber,Vietnam,Automobile,N
A94929434X,Odelia Ramona Oettgen,Malaysia,Internet of Things,N
B47120431D,Chad Kandi Vancura,Thailand,Electrical Installation,N
K28659006S,Nelida Annemarie Vancura,Laos,Hairdressing,N
D45335738Z,Osvaldo Kathi Oettgen,Myanmar,Beauty Therapy,N
C12322607S,Dixie Merna Chu-chun-lin,Philippines,Network Administration,N
T46432016W,Michaela Jenise Sit,Brunei,Mechatronics,N
X93443439M,Chad Gil Knuttunen,Indonesia,Automobile,Y
D86779188A,Eleonore Errol Sit,Myanmar,Graphic Design,N
D11462893X,Cyndy Jarrod Elton,Myanmar,Internet of Things,N
T14873007E,Fleta Aleshia Kennedy,Brunei,CNC Maintenance,N
T47373633Q,Cristobal Kandi Diaconis,Brunei,Beauty Therapy,Y
K59368504V,Maisha Filiberto Joung,Laos,Industrial Control,N
D49124492U,Cyndy Filiberto Clement,Myanmar,Electrical Installation,N
X51540118X,Kym Merna Philipson,Indonesia,Network Cabling,N
C19194754H,Kym Jarrod Clement,Philippines,Industrial Control,Y
E85172119Y,Vilma Kesha Lipatova,Singapore,Graphic Design,Y
T85486451N,Eleonore Juana Ducey,Brunei,Web Technologies,N
A68402431S,Michaela Carissa Brzoza,Malaysia,Internet of Things,Y
E71729073F,Valda Twana Dangerfield,Singapore,Restaurant Service,Y
X29663546P,Osvaldo Shelby Harrow,Indonesia,Beauty Therapy,N
D67267972L,Salvatore Gil Chu-chun-lin,Myanmar,Restaurant Service,N
A70306039Q,Laree Shyla Forrester,Malaysia,Cooking,N
C33440544I,Valda Brook Cassell,Philippines,Mechatronics,N
A34364703L,Marcie Ruthe Chu-chun-lin,Malaysia,Software Solutions,Y
X75165043L,Cecilia Brook Depifanio,Indonesia,Network Administration,N
E23378656D,Vilma Jarrod Blackbourn,Singapore,Electrical Installation,Y
B15980583H,Nichelle Kandi Filippucci,Thailand,Graphic Design,N
N18094170J,Maisha Cyndy Vancura,Vietnam,Mechanical CAD,Y
N86790448M,Vilma Jannette Kennedy,Vietnam,Fashion,N
X67929062T,Cecilia Aleshia Ducey,Indonesia,Electronics,Y
T51634073M,Fleta Jarrod Vancura,Brunei,Automobile,N
A59004807V,Glenna Carlotta Lipatova,Malaysia,Mechanical CAD,N
E76420143J,Lulu Antione Depifanio,Singapore,Software Solutions,N
C80552908I,Eleonore Annemarie Dangerfield,Philippines,Automobile,N
B99304570P,Shyla Carissa Vancura,Thailand,Mechanical CAD,N
N69877216I,Glenna Freeda Ducey,Vietnam,Electronics,Y
N99832210T,Brande Merna Clement,Vietnam,Hairdressing,N
E16944238K,Jannette Juana Suttell,Singapore,Cooking,N
B12124236F,Michaela Freeda Depifanio,Thailand,Hairdressing,N
V27508839A,Jannette Shelby Ducey,Cambodia,Mechatronics,Y
C42776481G,Vilma Annemarie Kennedy,Philippines,Rapid Transit,N
T41355359C,Marcie Ruthe Harrow,Brunei,Graphic Design,N
D19044299K,Valda Errol Vancura,Myanmar,Software Solutions,Y
V98432948B,Ayako Shameka Fryberger,Cambodia,Industrial Automation,N
A36420291A,Cristobal Jenise Joung,Malaysia,Cooking,N
A15926310C,Shyla Annemarie Brien,Malaysia,Electrical Installation,Y
K80870281T,Dixie Brook Suttell,Laos,Industrial Automation,N
T35125034I,Shante Jenise Kennedy,Brunei,Software Solutions,N
A55107572G,Alan Carissa Ducey,Malaysia,Electrical Installation,Y
C23900659N,Charley Shelby Lipatova,Philippines,Mechanical CAD,Y
D85954921X,Cyndy Kesha Diaconis,Myanmar,Network Administration,N
E38269813I,Shyla Kesha Oettgen,Singapore,Restaurant Service,N
D86087935J,Nelida Filiberto Arber,Myanmar,Electronics,N
K58122674A,Cecilia Merna Kennedy,Laos,Mobile Robotics,N
D65389227O,Michaela Gil Philipson,Myanmar,Web Technologies,N
C89492585T,Michaela Ruthe Depifanio,Philippines,Software Solutions,N
T87597526G,Cristobal Eleonore Knuttunen,Brunei,Refigeration,Y
E84497817E,Lulu Errol Joung,Singapore,Electronics,N
B53631932S,Brande Margeret Clement,Thailand,Rapid Transit,Y
D20762424I,Margeret Juana Elton,Myanmar,Fashion,N
T41681764R,Glenna Ruthe Tavitian,Brunei,Network Cabling,Y
E28843727T,Michaela Brook Depifanio,Singapore,Network Cabling,N
T42142256R,Lulu Juana Blackbourn,Brunei,Hairdressing,Y
A90218660W,Alan Harley Ducey,Malaysia,Mechatronics,Y
V29113197L,Eleonore Juana Cassell,Cambodia,Electronics,Y
E85996045E,Jannette Ruthe Vancura,Singapore,CNC Maintenance,Y
T62952142W,Charley Cyndy Brunet,Brunei,Graphic Design,N
N36953241I,Shante Juana Knuttunen,Vietnam,Hairdressing,Y
X41205537D,Dixie Jannette Sit,Indonesia,Refigeration,N
A31343901F,Eleonora Freeda Brunet,Malaysia,Fashion,Y
B26387356V,Michaela Freeda Vancura,Thailand,Hairdressing,N
K31559423S,Margeret Evangelina Sit,Laos,Rapid Transit,N
X99652463K,Salvatore Freeda Vancura,Indonesia,Electronics,N
V24575934V,Glenna Gil Cassell,Cambodia,Electronics,Y
X62575137S,Kym Shameka Sit,Indonesia,Mechatronics,Y
A90163877B,Chad Jannette Arber,Malaysia,Network Administration,N
D67905811L,Nelida Eleonore Mizner,Myanmar,Rapid Transit,N
C27171415M,Jannette Cyndy Chu-chun-lin,Philippines,Graphic Design,Y
B21863220G,Ayako Brook Chu-chun-lin,Thailand,Software Solutions,Y
C62245881L,Linnie Eda Blackbourn,Philippines,Rapid Transit,N
C76584598H,Eleonora Kandi Diaconis,Philippines,Automobile,N
X77037327Q,Maisha Filiberto Philipson,Indonesia,Fashion,N
D68438024P,Shyla Margeret Tavitian,Myanmar,CNC Maintenance,Y
X77911486R,Chad Shyla Brien,Indonesia,Mechatronics,N
X25106273Y,Ayako Juana Suttell,Indonesia,Software Solutions,N
E58527626G,Eleonore Kesha Fryberger,Singapore,Rapid Transit,N
A26493100P,Dixie Brook Arber,Malaysia,Network Administration,Y
K55311184R,Lulu Shameka Ducey,Laos,Beauty Therapy,N
K38146156D,Odelia Eleonore Mizner,Laos,Electrical Installation,N
E50731725Z,Nelida Evangelina Vancura,Singapore,Industrial Control,N
C38948179T,Nelida Annemarie Philipson,Philippines,Mechatronics,Y
T62668365H,Marcie Kathi Tavitian,Brunei,Mechatronics,N
B93371184M,Nichelle Cyndy Forrester,Thailand,CNC Maintenance,Y
N36666866F,Salvatore Twanda Kennedy,Vietnam,Refigeration,N
V39041932A,Eleonora Kesha Clement,Cambodia,Mechanical CAD,N
V72978916M,Jannette Brook Chu-chun-lin,Cambodia,Software Solutions,N
V72209521M,Vilma Cyndy Neel,Cambodia,Hairdressing,Y
N20602328Y,Kym Gwenda Diaconis,Vietnam,Network Cabling,N
X82790226M,Valda Carlotta Suttell,Indonesia,Hairdressing,N
N43877307K,Odelia Annemarie Vancura,Vietnam,CNC Maintenance,N
T51938951J,Cecilia Filiberto Joung,Brunei,Electrical Installation,N
X12556444Y,Jannette Twanda Arber,Indonesia,Mechatronics,N
N34397009L,Ayako Carlotta Sit,Vietnam,Electrical Installation,N
A47515993W,Maisha Carlotta Diaconis,Malaysia,Mobile Robotics,Y
B95538793W,Brande Jannette Sit,Thailand,Web Technologies,Y
T44245400N,Julius Juana Arber,Brunei,Web Technologies,N
B70744192T,Valda Filiberto Forrester,Thailand,Network Cabling,Y
A84146341Y,Shante Harley Chu-chun-lin,Malaysia,Restaurant Service,N
K29158747M,Elida Shelby Oettgen,Laos,Software Solutions,N
C53904089M,Marcie Filiberto Knuttunen,Philippines,Automobile,Y
V26045612P,Shante Filiberto Diaconis,Cambodia,Mobile Robotics,Y
B13397825F,Alan Carissa Tavitian,Thailand,Fashion,Y
T88103454O,Cyndy Shelby Neel,Brunei,Hairdressing,N
T19245080R,Dixie Kathi Cassell,Brunei,Mobile Robotics,N
D81704615E,Cyndy Filiberto Elton,Myanmar,Industrial Automation,N
V91864385K,Lulu Harley Kennedy,Cambodia,Industrial Control,N
X45161214J,Eleonora Errol Arber,Indonesia,Mobile Robotics,N
B74191831K,Cristobal Aleshia Joung,Thailand,CNC Maintenance,Y
T11941767D,Valda Jarrod Dangerfield,Brunei,Fashion,Y
K23500129F,Nelida Filiberto Tavitian,Laos,Electronics,Y
D10359036M,Cecilia Gil Forrester,Myanmar,Cooking,Y
T56631725F,Linnie Brook Cassell,Brunei,Beauty Therapy,N
A13509396A,Vilma Margeret Suttell,Malaysia,Internet of Things,Y
D75330209D,Valda Eleonore Forrester,Myanmar,Automobile,N
A62219773V,Alan Kathi Clement,Malaysia,Beauty Therapy,Y
T20795462H,Cyndy Kathi Mizner,Brunei,Network Administration,N
X34775012R,Kym Twana Brzoza,Indonesia,Mechatronics,Y
A53676276D,Shante Filiberto Elton,Malaysia,Web Technologies,N
K14043810C,Shyla Merna Philipson,Laos,Industrial Automation,N
C20016081O,Brande Eda Brzoza,Philippines,Restaurant Service,N
V37644419B,Fleta Shelby Lipatova,Cambodia,Automobile,N
V88820482A,Ayako Antione Brunet,Cambodia,Mechanical CAD,N
D96244845K,Brande Merna Arber,Myanmar,Electronics,Y
B75051258V,Maisha Cyndy Dangerfield,Thailand,Web Technologies,N
E23790771D,Margeret Shyla Vancura,Singapore,Network Cabling,N
N21046640X,Shyla Kandi Philipson,Vietnam,Internet of Things,Y
T97199979T,Alan Evangelina Suttell,Brunei,Graphic Design,N
V54155821D,Salvatore Jarrod Dangerfield,Cambodia,Fashion,N
A13040431P,Michaela Filiberto Ducey,Malaysia,CNC Maintenance,Y
E79801728Q,Fleta Gwenda Oettgen,Singapore,Industrial Control,Y
E61206471R,Vilma Ramona Suttell,Singapore,Restaurant Service,Y
C10643340J,Maisha Carlotta Depifanio,Philippines,Beauty Therapy,N
T57992788J,Ayako Jannette Suttell,Brunei,Network Administration,N
X58420390E,Eleonora Ramona Blackbourn,Indonesia,Network Administration,N
C26808140N,Valda Errol Sit,Philippines,Industrial Control,N
A68958563Y,Michaela Gwenda Blackbourn,Malaysia,Network Cabling,N
C57523237M,Kym Filiberto Suttell,Philippines,Industrial Automation,N
D87061172F,Kym Jarrod Mizner,Myanmar,Internet of Things,N
D91183645K,Valda Shyla Tavitian,Myanmar,Industrial Automation,N
D94584087S,Charley Brook Oettgen,Myanmar,Web Technologies,N
X57736510T,Maisha Filiberto Cassell,Indonesia,CNC Maintenance,N
K25579703M,Glenna Jarrod Knuttunen,Laos,Electronics,N
A69601295H,Eleonore Jarrod Kennedy,Malaysia,Rapid Transit,Y
X15928700E,Eleonore Filiberto Joung,Indonesia,Electrical Installation,N
A91464378R,Nichelle Ruthe Lipatova,Malaysia,Electronics,N
T55544076G,Charley Jarrod Kennedy,Brunei,Rapid Transit,Y
E34644016K,Laree Antione Brien,Singapore,Automobile,Y
V76645843A,Cecilia Errol Neel,Cambodia,Refigeration,Y
E28355371X,Alan Shyla Philipson,Singapore,Hairdressing,Y
N56389149O,Shyla Jenise Vancura,Vietnam,Beauty Therapy,N
D54465137N,Laree Aleshia Blackbourn,Myanmar,Mechatronics,N
K14422284Z,Fleta Shelby Dangerfield,Laos,Industrial Automation,Y
A31354797D,Margeret Shelby Tavitian,Malaysia,Rapid Transit,N
E55128911R,Dixie Filiberto Dangerfield,Singapore,Mobile Robotics,N
E72091243I,Kym Eda Dangerfield,Singapore,CNC Maintenance,Y
B50509846V,Chad Evangelina Forrester,Thailand,Industrial Control,N
K29897204A,Eleonora Brook Kennedy,Laos,Mechatronics,N
C17975113N,Cecilia Jannette Chu-chun-lin,Philippines,Industrial Control,N
B13767984A,Fleta Shelby Sit,Thailand,Refigeration,Y
V71232918N,Cecilia Antione Philipson,Cambodia,Graphic Design,N
V64888016R,Eleonora Eleonore Vancura,Cambodia,Cooking,Y
X77693972Y,Osvaldo Jannette Chu-chun-lin,Indonesia,Mechatronics,Y
X45794364E,Vilma Shameka Harrow,Indonesia,Restaurant Service,N
V80078930X,Jannette Filiberto Elton,Cambodia,Cooking,N
V59318997K,Maisha Margeret Brzoza,Cambodia,Software Solutions,Y
N41730302R,Michaela Jarrod Ducey,Vietnam,Hairdressing,Y
C47721995I,Alan Carissa Tavitian,Philippines,Automobile,Y
T45412948Z,Marcie Cyndy Arber,Brunei,Mechanical CAD,N
N76079768W,Lulu Jenise Sit,Vietnam,Electrical Installation,N
C11109418C,Salvatore Freeda Dangerfield,Philippines,Mobile Robotics,N
T54764646R,Salvatore Gwenda Arber,Brunei,Fashion,N
E45282735A,Eleonore Jenise Neel,Singapore,Electronics,N
K74626216H,Fleta Jarrod Fryberger,Laos,Rapid Transit,N
A65827080I,Cecilia Gwenda Sit,Malaysia,Rapid Transit,Y
X43554819G,Elida Harley Ducey,Indonesia,Automobile,Y
X66823464G,Chad Kathi Dangerfield,Indonesia,Network Administration,N
D78437038E,Eleonora Brook Chu-chun-lin,Myanmar,Graphic Design,N
V51212194I,Eleonora Jannette Tavitian,Cambodia,Software Solutions,N
V81148281W,Cecilia Antione Philipson,Cambodia,Rapid Transit,Y
E12034735E,Charley Errol Sit,Singapore,Mechanical CAD,Y
N25963290T,Odelia Filiberto Clement,Vietnam,Network Cabling,N
X55716684I,Vilma Kathi Blackbourn,Indonesia,Industrial Control,N
A14797509C,Fleta Gwenda Blackbourn,Malaysia,Industrial Automation,N
T67443551C,Nelida Carissa Suttell,Brunei,Beauty Therapy,N
D22737472O,Vilma Shelby Diaconis,Myanmar,Industrial Control,N
C51856226C,Odelia Ramona Clement,Philippines,Industrial Control,N
T54259523G,Valda Aleshia Forrester,Brunei,Fashion,N
N31271662M,Alan Jenise Forrester,Vietnam,Electronics,N
B50478869U,Chad Evangelina Clement,Thailand,Cooking,Y
T54300613B,Odelia Ruthe Suttell,Brunei,Internet of Things,N
K13794057J,Shante Errol Lipatova,Laos,Restaurant Service,N
X72331351W,Marcie Kesha Blackbourn,Indonesia,Electrical Installation,N
A80203278Z,Nelida Aleshia Oettgen,Malaysia,Restaurant Service,N
C16114502L,Valda Kandi Joung,Philippines,Rapid Transit,N
A71478450C,Kym Eda Elton,Malaysia,Software Solutions,N
X72376301I,Valda Eda Clement,Indonesia,Internet of Things,Y
E87245489P,Cristobal Freeda Chu-chun-lin,Singapore,Software Solutions,N
K90766148D,Cristobal Merna Diaconis,Laos,Electrical Installation,Y
E71268918M,Laree Shelby Kennedy,Singapore,Software Solutions,Y
K37813881V,Michaela Jarrod Brien,Laos,Mechanical CAD,N
X90404008K,Osvaldo Evangelina Brunet,Indonesia,Restaurant Service,N
A97052845P,Cyndy Jannette Knuttunen,Malaysia,Mechanical CAD,N
K82408382M,Cyndy Annemarie Brzoza,Laos,Fashion,Y
V30096152C,Shante Carissa Sit,Cambodia,Restaurant Service,N
N48007464A,Vilma Cyndy Brien,Vietnam,Internet of Things,N
B63110452C,Glenna Filiberto Neel,Thailand,Industrial Automation,N
X20942371R,Jannette Gil Brzoza,Indonesia,Network Administration,N
V99641267G,Cecilia Gil Philipson,Cambodia,Mechanical CAD,N
D69050501K,Chad Twanda Filippucci,Myanmar,Industrial Automation,N
D63340661C,Dixie Kesha Brzoza,Myanmar,Mobile Robotics,N
E38761409M,Fleta Shelby Diaconis,Singapore,Restaurant Service,Y
D57145713U,Maisha Harley Neel,Myanmar,Network Administration,N
K45090253Z,Cristobal Shameka Diaconis,Laos,Electrical Installation,N
K25448421E,Ayako Ruthe Neel,Laos,Hairdressing,N
K56084550A,Dixie Merna Depifanio,Laos,Industrial Automation,Y
B67568966N,Laree Eda Clement,Thailand,Mechatronics,Y
X33929601Y,Maisha Kesha Blackbourn,Indonesia,Network Cabling,N
C14076372X,Chad Carlotta Forrester,Philippines,Network Administration,N
V89746561I,Odelia Shyla Clement,Cambodia,Rapid Transit,N
V62495158B,Shyla Shyla Knuttunen,Cambodia,CNC Maintenance,N
X66092394P,Cecilia Shelby Ducey,Indonesia,Software Solutions,N
N37369813S,Glenna Margeret Mizner,Vietnam,CNC Maintenance,N
E18526649L,Lulu Cyndy Brunet,Singapore,Fashion,Y
D96375384B,Eleonore Jarrod Brunet,Myanmar,Restaurant Service,N
E43308259W,Nelida Freeda Mizner,Singapore,Cooking,N
C63109400P,Julius Juana Dangerfield,Philippines,Industrial Control,Y
K79281298P,Margeret Evangelina Brien,Laos,Rapid Transit,N
A47042560D,Eleonore Aleshia Diaconis,Malaysia,Refigeration,Y
D75173911E,Salvatore Kathi Brien,Myanmar,Network Cabling,N
K44179383I,Maisha Antione Suttell,Laos,Electronics,Y
D51969239N,Eleonore Evangelina Brien,Myanmar,Industrial Control,N
K74476385D,Nelida Gil Harrow,Laos,Mobile Robotics,Y
N49435415M,Ayako Jannette Neel,Vietnam,Beauty Therapy,N
N82198714W,Julius Jenise Brien,Vietnam,Fashion,N
V73903342T,Shyla Kathi Chu-chun-lin,Cambodia,Beauty Therapy,N
T61006344R,Fleta Evangelina Tavitian,Brunei,Internet of Things,N
V36878372S,Margeret Carlotta Depifanio,Cambodia,Web Technologies,N
C39684284F,Jannette Shelby Neel,Philippines,Refigeration,N
E74796505M,Brande Eda Kennedy,Singapore,Industrial Control,N
B85183962F,Salvatore Filiberto Chu-chun-lin,Thailand,Industrial Automation,N
E93929765V,Nichelle Juana Lipatova,Singapore,Network Administration,Y
C87937220I,Cyndy Kesha Philipson,Philippines,Hairdressing,Y
X12324925U,Jannette Ruthe Oettgen,Indonesia,Refigeration,N
T35577470Y,Eleonora Evangelina Clement,Brunei,Refigeration,Y
X92981890E,Jannette Juana Oettgen,Indonesia,Electronics,Y
E65748720C,Ayako Kandi Harrow,Singapore,Beauty Therapy,N
C22600515R,Valda Margeret Mizner,Philippines,Mobile Robotics,N
E88005896Q,Vilma Brook Brunet,Singapore,Mechanical CAD,N
C45127147C,Eleonore Eda Blackbourn,Philippines,Electronics,N
N94577357E,Dixie Shelby Tavitian,Vietnam,Cooking,Y
K19809214Q,Shante Ramona Clement,Laos,Automobile,N
C85073496S,Elida Harley Harrow,Philippines,Industrial Control,N
N57818342O,Cecilia Merna Tavitian,Vietnam,Fashion,N
A80489843L,Valda Carissa Depifanio,Malaysia,Fashion,N
E50158586T,Dixie Twana Clement,Singapore,Refigeration,N
C73181728E,Odelia Jarrod Arber,Philippines,CNC Maintenance,N
V42646386L,Eleonora Filiberto Kennedy,Cambodia,Mechatronics,N
A69524971S,Osvaldo Carlotta Vancura,Malaysia,Automobile,Y
N39652724N,Elida Kesha Tavitian,Vietnam,Mechanical CAD,N
A42279395M,Vilma Kathi Philipson,Malaysia,Mechanical CAD,N
N27832092N,Jannette Jannette Tavitian,Vietnam,Hairdressing,N
A83496273H,Linnie Brook Philipson,Malaysia,Mechanical CAD,Y
A27716304Z,Eleonora Carissa Chu-chun-lin,Malaysia,Graphic Design,Y
N22549637T,Shyla Carissa Depifanio,Vietnam,Internet of Things,Y
E32152733H,Odelia Filiberto Blackbourn,Singapore,Web Technologies,N
A40872792B,Laree Juana Brzoza,Malaysia,Mechatronics,Y
K29389652U,Nelida Twana Arber,Laos,Industrial Automation,N
A63862044W,Julius Annemarie Arber,Malaysia,Hairdressing,N
B40168874R,Laree Ramona Fryberger,Thailand,Network Cabling,N
C17766433W,Ayako Eda Brien,Philippines,Fashion,N
E64201042T,Eleonore Ruthe Sit,Singapore,Beauty Therapy,Y
C49933695F,Jannette Shelby Oettgen,Philippines,Cooking,N
A97403416V,Elida Margeret Sit,Malaysia,Internet of Things,N
A28714824X,Fleta Eleonore Ducey,Malaysia,Network Cabling,Y
K62776709F,Vilma Evangelina Lipatova,Laos,Cooking,N
D54543173B,Margeret Gwenda Sit,Myanmar,Mobile Robotics,N
C10476163Q,Chad Carlotta Kennedy,Philippines,Beauty Therapy,N
N38246001Z,Alan Kesha Kennedy,Vietnam,CNC Maintenance,N
T80309276U,Brande Aleshia Ducey,Brunei,Hairdressing,Y
A44394915C,Maisha Ramona Philipson,Malaysia,Mobile Robotics,N
K82260384P,Julius Aleshia Knuttunen,Laos,Refigeration,N
X90027574K,Nichelle Harley Vancura,Indonesia,Industrial Automation,N
N70076715T,Elida Merna Elton,Vietnam,Electronics,N
T24884605G,Dixie Jannette Tavitian,Brunei,CNC Maintenance,N
A74245907I,Shyla Kesha Brunet,Malaysia,Industrial Control,N
X20959478Q,Elida Brook Brien,Indonesia,Network Cabling,N
X94699745H,Laree Twanda Depifanio,Indonesia,Network Cabling,Y
V66380143A,Eleonora Shameka Sit,Cambodia,Mechatronics,N
B66903594E,Shante Margeret Neel,Thailand,Restaurant Service,N
C56935473N,Fleta Brook Harrow,Philippines,Refigeration,N
K15192983W,Valda Jannette Diaconis,Laos,Mechatronics,N
T90536090E,Nelida Twanda Ducey,Brunei,Network Cabling,Y
B64608652D,Cristobal Harley Fryberger,Thailand,Mobile Robotics,N
N82377784I,Lulu Antione Mizner,Vietnam,Industrial Control,N
C25499631L,Marcie Filiberto Sit,Philippines,Electrical Installation,Y
B23886113S,Eleonora Jarrod Ducey,Thailand,Beauty Therapy,N
D12670612X,Osvaldo Kesha Sit,Myanmar,Automobile,N
N59700718J,Lulu Brook Oettgen,Vietnam,Automobile,Y
A13490511N,Shante Annemarie Suttell,Malaysia,Automobile,Y
N68017845P,Shante Ruthe Suttell,Vietnam,Electrical Installation,N
K23757277E,Michaela Juana Ducey,Laos,Software Solutions,N
A20015270C,Ayako Shameka Joung,Malaysia,CNC Maintenance,N
X99362930V,Eleonore Kandi Vancura,Indonesia,Industrial Automation,N
B93197292D,Chad Errol Kennedy,Thailand,Beauty Therapy,N
A87345468B,Margeret Twanda Elton,Malaysia,Restaurant Service,N
N53783621S,Valda Gwenda Brunet,Vietnam,Web Technologies,N
B70832877K,Lulu Jenise Vancura,Thailand,Electronics,N
V56049828P,Valda Filiberto Forrester,Cambodia,Industrial Control,N
E25839837H,Dixie Ruthe Arber,Singapore,Internet of Things,N
E28412533A,Lulu Filiberto Vancura,Singapore,Mobile Robotics,N
K55740501Z,Eleonore Carlotta Arber,Laos,Graphic Design,Y
N48352736Y,Cristobal Kesha Depifanio,Vietnam,Software Solutions,N
A50070226W,Nelida Filiberto Dangerfield,Malaysia,Automobile,N
C15720904F,Valda Errol Kennedy,Philippines,Refigeration,N
X96180477E,Osvaldo Jannette Diaconis,Indonesia,Mobile Robotics,Y
C68216077X,Cristobal Twana Vancura,Philippines,Rapid Transit,N
X69525041V,Eleonora Twanda Lipatova,Indonesia,Network Administration,N
B18114792W,Margeret Twana Oettgen,Thailand,Electrical Installation,Y
A37403130R,Odelia Ramona Cassell,Malaysia,CNC Maintenance,Y
C46269376X,Cristobal Gil Brien,Philippines,Graphic Design,Y
T18544412X,Nichelle Carissa Brzoza,Brunei,Industrial Control,N
C96403946Q,Cristobal Jenise Cassell,Philippines,Mechanical CAD,Y
N49882887E,Vilma Freeda Filippucci,Vietnam,Rapid Transit,N
A53102865H,Odelia Jenise Sit,Malaysia,Fashion,N
X35502501R,Linnie Shelby Suttell,Indonesia,Cooking,Y
X76844628O,Linnie Shelby Cassell,Indonesia,CNC Maintenance,N
D73905145Z,Linnie Cyndy Filippucci,Myanmar,Industrial Control,Y
T84289664E,Valda Margeret Philipson,Brunei,Industrial Automation,N
N32897570R,Osvaldo Ruthe Mizner,Vietnam,Mechanical CAD,N
A25886824N,Odelia Gwenda Cassell,Malaysia,Rapid Transit,N
V61750061F,Kym Carlotta Oettgen,Cambodia,Mechatronics,N
X10859461P,Cristobal Carissa Neel,Indonesia,Rapid Transit,N
T18037451N,Shyla Carissa Forrester,Brunei,Restaurant Service,N
N67671094P,Linnie Cyndy Brien,Vietnam,Mobile Robotics,N
A64983759M,Odelia Jenise Oettgen,Malaysia,Mechatronics,Y
A62501430P,Odelia Shyla Chu-chun-lin,Malaysia,Fashion,N
T22230090G,Eleonore Shameka Brunet,Brunei,Refigeration,N
E70943754F,Elida Jannette Chu-chun-lin,Singapore,Industrial Automation,N
K68458246L,Marcie Ramona Forrester,Laos,Rapid Transit,Y
V33673524Z,Nichelle Shameka Brien,Cambodia,Internet of Things,N
X78778369H,Laree Cyndy Oettgen,Indonesia,Electrical Installation,N
N87309691A,Nichelle Kesha Tavitian,Vietnam,Network Cabling,N
X33842095Z,Cecilia Merna Kennedy,Indonesia,Mechatronics,N
A96146927O,Marcie Antione Brien,Malaysia,Network Administration,Y
C49742045C,Linnie Shelby Philipson,Philippines,Electronics,N
V18855031Y,Jannette Gil Suttell,Cambodia,Refigeration,N
K87829048H,Nichelle Carlotta Neel,Laos,Network Cabling,N
K43455204A,Salvatore Juana Elton,Laos,Automobile,N
E45395185X,Marcie Brook Chu-chun-lin,Singapore,Mobile Robotics,N
T58932260T,Elida Eda Blackbourn,Brunei,Mechatronics,Y
A88883710W,Cristobal Ruthe Vancura,Malaysia,CNC Maintenance,N
B29774591I,Marcie Shyla Kennedy,Thailand,Network Cabling,Y
X47593146A,Julius Evangelina Filippucci,Indonesia,Internet of Things,N
B38258136B,Michaela Merna Dangerfield,Thailand,Restaurant Service,N
B63425927W,Ayako Kandi Depifanio,Thailand,Network Administration,N
A59739890N,Fleta Ramona Brien,Malaysia,Industrial Control,Y
N29394152D,Alan Ruthe Tavitian,Vietnam,Software Solutions,N
D29561678J,Shante Shyla Brzoza,Myanmar,Cooking,N
K37953933D,Odelia Ramona Joung,Laos,Network Administration,N
E48821799R,Cyndy Carissa Brzoza,Singapore,Electronics,N
C91752607S,Salvatore Antione Brzoza,Philippines,Industrial Control,N
D18831935T,Osvaldo Twana Sit,Myanmar,Cooking,Y
X82741250V,Lulu Ruthe Clement,Indonesia,Refigeration,Y
K68694139C,Eleonora Juana Knuttunen,Laos,Industrial Automation,N
K67173812X,Ayako Gwenda Oettgen,Laos,Mechanical CAD,N
A14765262E,Maisha Jannette Elton,Malaysia,Mechanical CAD,N
K52968580I,Linnie Carlotta Tavitian,Laos,Cooking,N
V23002081S,Dixie Filiberto Vancura,Cambodia,Graphic Design,N
V84542160J,Chad Harley Ducey,Cambodia,Web Technologies,N
A10136307D,Margeret Juana Tavitian,Malaysia,Electronics,N
K46682736D,Chad Ruthe Oettgen,Laos,Internet of Things,N
T83224728M,Vilma Eleonore Tavitian,Brunei,Mechatronics,N
V23899658Z,Ayako Carissa Cassell,Cambodia,Automobile,N
C33968616X,Shante Shelby Lipatova,Philippines,Network Cabling,N
T36491382E,Osvaldo Evangelina Mizner,Brunei,Mechatronics,Y
X41676866O,Cecilia Juana Diaconis,Indonesia,Network Cabling,Y
T98873460C,Odelia Gil Oettgen,Brunei,Mechatronics,N
B63832319J,Shyla Errol Lipatova,Thailand,Graphic Design,N
K83735546K,Shyla Brook Fryberger,Laos,Automobile,N
C43626451R,Valda Twanda Diaconis,Philippines,Electronics,N
N97914757X,Glenna Shameka Sit,Vietnam,Industrial Automation,N
A54092131Z,Osvaldo Shelby Fryberger,Malaysia,Beauty Therapy,N
B55049879H,Cecilia Twana Clement,Thailand,Rapid Transit,N
C87837995C,Valda Antione Kennedy,Philippines,Electronics,N
C59172757P,Julius Freeda Joung,Philippines,CNC Maintenance,N
K50579445Q,Salvatore Shyla Filippucci,Laos,Beauty Therapy,N
T43356401D,Jannette Jenise Tavitian,Brunei,Electrical Installation,N
X55003630W,Eleonora Shelby Brzoza,Indonesia,Mobile Robotics,Y
T84626291M,Shyla Carissa Arber,Brunei,Fashion,N
K72811186G,Cyndy Kandi Arber,Laos,CNC Maintenance,N
D67398947V,Cyndy Jannette Harrow,Myanmar,Network Administration,N
N89226613W,Odelia Filiberto Ducey,Vietnam,Beauty Therapy,N
K47331035I,Michaela Jenise Fryberger,Laos,Network Cabling,N
D79597215W,Salvatore Kathi Diaconis,Myanmar,Industrial Automation,N
V94000488S,Shante Jarrod Philipson,Cambodia,Rapid Transit,N
D10813989V,Charley Shameka Knuttunen,Myanmar,Network Cabling,N
N63987507Y,Cecilia Twanda Tavitian,Vietnam,Mechatronics,Y
C26219761Z,Lulu Kesha Joung,Philippines,Mobile Robotics,N
N28064710R,Shyla Carissa Harrow,Vietnam,Network Administration,N
N70277213G,Cecilia Harley Diaconis,Vietnam,Mechatronics,Y
D91101094E,Linnie Shyla Philipson,Myanmar,Restaurant Service,N
T74698485E,Alan Jenise Chu-chun-lin,Brunei,Network Administration,N
X13636616V,Dixie Filiberto Sit,Indonesia,Automobile,N
E95180168P,Fleta Twanda Joung,Singapore,Mechatronics,N
D62650688U,Elida Evangelina Harrow,Myanmar,Network Cabling,N
A45188054F,Jannette Evangelina Vancura,Malaysia,Network Cabling,Y
B99888497Y,Shante Filiberto Clement,Thailand,Restaurant Service,N
C99655692P,Osvaldo Gwenda Chu-chun-lin,Philippines,Automobile,N
T42633539L,Marcie Eleonore Diaconis,Brunei,Web Technologies,Y
A38540364W,Nichelle Brook Sit,Malaysia,Refigeration,N
E89434030Z,Salvatore Aleshia Suttell,Singapore,Industrial Control,N
E27458272P,Shante Juana Elton,Singapore,Industrial Automation,N
B71391477Y,Eleonore Shameka Suttell,Thailand,Restaurant Service,Y
A94477360R,Fleta Eda Diaconis,Malaysia,CNC Maintenance,N
C44720705Y,Kym Harley Oettgen,Philippines,Electrical Installation,N
D23610298H,Michaela Evangelina Harrow,Myanmar,Web Technologies,N
E56762307P,Michaela Ramona Knuttunen,Singapore,Beauty Therapy,N
K11558905C,Osvaldo Shelby Brzoza,Laos,CNC Maintenance,Y
E18767900O,Nelida Eda Brunet,Singapore,Hairdressing,N
X77974723J,Maisha Eleonore Filippucci,Indonesia,Graphic Design,N
E26701588D,Eleonore Merna Neel,Singapore,Web Technologies,N
V54951793E,Glenna Eleonore Diaconis,Cambodia,Network Administration,N
D47186034C,Shyla Twana Fryberger,Myanmar,Web Technologies,Y
T67907055Y,Margeret Evangelina Neel,Brunei,Beauty Therapy,N
T64154777T,Nichelle Cyndy Harrow,Brunei,Refigeration,N
N69659853E,Charley Jarrod Vancura,Vietnam,Cooking,N
C49479003Z,Charley Filiberto Joung,Philippines,Industrial Control,N
X33424180E,Nichelle Ramona Sit,Indonesia,Network Cabling,N
N61627999T,Shante Carlotta Forrester,Vietnam,Restaurant Service,N
N92337762Z,Laree Kesha Elton,Vietnam,Refigeration,N
C69600037T,Cyndy Twanda Fryberger,Philippines,Refigeration,N
D89270649Q,Shyla Cyndy Blackbourn,Myanmar,Electrical Installation,N
X93024869H,Nichelle Freeda Filippucci,Indonesia,Mechanical CAD,Y
C86820926V,Shyla Gwenda Forrester,Philippines,Web Technologies,N
T55273594S,Odelia Merna Ducey,Brunei,Rapid Transit,N
T68610052R,Dixie Carlotta Tavitian,Brunei,Electronics,N
A91617651Q,Eleonore Shyla Elton,Malaysia,Network Administration,Y
V79819013L,Osvaldo Ramona Knuttunen,Cambodia,Mechanical CAD,N
N85585920G,Alan Shyla Knuttunen,Vietnam,Network Cabling,N
T76521002O,Odelia Gwenda Oettgen,Brunei,Industrial Control,Y
E74286383P,Charley Harley Depifanio,Singapore,Graphic Design,Y
B22581040W,Cristobal Twanda Suttell,Thailand,Industrial Automation,N
V96214389D,Jannette Gwenda Dangerfield,Cambodia,Fashion,Y
T51501568J,Lulu Eleonore Clement,Brunei,Rapid Transit,Y
X38983322L,Michaela Jarrod Forrester,Indonesia,CNC Maintenance,N
D51966103M,Osvaldo Juana Ducey,Myanmar,Rapid Transit,Y
A11303490P,Laree Antione Suttell,Malaysia,Refigeration,N
B68389833G,Valda Filiberto Oettgen,Thailand,Refigeration,Y
A27637729H,Elida Eda Filippucci,Malaysia,Hairdressing,N
C64411545X,Chad Annemarie Philipson,Philippines,Electronics,N
N97039127M,Alan Ramona Sit,Vietnam,Industrial Automation,Y
E45615101U,Salvatore Eleonore Brunet,Singapore,Mobile Robotics,N
N51924011E,Cristobal Twana Brzoza,Vietnam,Hairdressing,N
B51752143I,Cristobal Annemarie Knuttunen,Thailand,Cooking,N
K25433191P,Jannette Brook Vancura,Laos,CNC Maintenance,Y
E16311562Y,Odelia Merna Neel,Singapore,Network Administration,N
B75466504S,Osvaldo Filiberto Elton,Thailand,Restaurant Service,N
D51194228T,Nelida Errol Ducey,Myanmar,Mechatronics,Y
D17323122V,Shyla Shelby Lipatova,Myanmar,Industrial Control,Y
X51556173C,Maisha Antione Forrester,Indonesia,Industrial Automation,Y
D40447176A,Cyndy Shyla Philipson,Myanmar,Refigeration,N
V81928468X,Lulu Merna Harrow,Cambodia,Mechatronics,Y
E67905133Q,Salvatore Eleonore Dangerfield,Singapore,Refigeration,Y
C75219372H,Lulu Errol Philipson,Philippines,Industrial Automation,N
V11114294M,Eleonora Margeret Chu-chun-lin,Cambodia,Refigeration,Y
E44142910U,Eleonore Juana Chu-chun-lin,Singapore,Network Cabling,N
V17416907Q,Brande Antione Chu-chun-lin,Cambodia,Cooking,Y
X83168130E,Cecilia Eleonore Brien,Indonesia,Internet of Things,N
V86713267H,Marcie Ramona Ducey,Cambodia,Automobile,Y
K59356930Z,Fleta Carlotta Vancura,Laos,Mobile Robotics,Y
C48131515U,Alan Gwenda Harrow,Philippines,Mechanical CAD,Y
T54785358O,Brande Shelby Forrester,Brunei,Industrial Automation,N
B26088476A,Nelida Jenise Ducey,Thailand,Cooking,Y
N39533194O,Shante Twana Forrester,Vietnam,Fashion,Y
K97167605Q,Osvaldo Carissa Elton,Laos,CNC Maintenance,Y
C64639457F,Glenna Brook Philipson,Philippines,Restaurant Service,Y
V66986290W,Margeret Merna Suttell,Cambodia,Refigeration,N
C40883839Q,Julius Kathi Philipson,Philippines,CNC Maintenance,Y
K12365916K,Ayako Merna Clement,Laos,Hairdressing,N
D12448565Z,Osvaldo Jenise Suttell,Myanmar,Refigeration,Y
A58258939J,Eleonora Carlotta Vancura,Malaysia,Graphic Design,N
K96583282K,Michaela Eleonore Clement,Laos,Software Solutions,N
V41489575F,Alan Kathi Joung,Cambodia,Fashion,N
X29117981A,Osvaldo Gil Forrester,Indonesia,Beauty Therapy,N
N93720574D,Cyndy Twanda Kennedy,Vietnam,Internet of Things,Y
E22542733Q,Elida Gwenda Mizner,Singapore,Web Technologies,Y
V61946028X,Glenna Margeret Lipatova,Cambodia,Refigeration,N
N33518482O,Chad Jenise Blackbourn,Vietnam,Graphic Design,N
C64559962Y,Michaela Filiberto Depifanio,Philippines,Rapid Transit,Y
B45111556U,Odelia Shelby Philipson,Thailand,Electronics,Y
A59992204Z,Julius Carissa Kennedy,Malaysia,Rapid Transit,Y
C53799580F,Glenna Juana Diaconis,Philippines,Electronics,N
C28823628H,Ayako Aleshia Clement,Philippines,Cooking,N
V13996091J,Dixie Aleshia Mizner,Cambodia,Internet of Things,N
E77348865W,Valda Antione Depifanio,Singapore,Beauty Therapy,Y
N71485632T,Chad Evangelina Suttell,Vietnam,Electrical Installation,Y
E65958366E,Jannette Merna Chu-chun-lin,Singapore,Electronics,N
T12172993Y,Fleta Merna Ducey,Brunei,Network Cabling,N
A19952067C,Salvatore Kesha Brien,Malaysia,Hairdressing,N
K41394747O,Julius Annemarie Chu-chun-lin,Laos,Internet of Things,N
K69053824P,Shyla Jenise Neel,Laos,Hairdressing,Y
V53654807X,Michaela Jenise Brien,Cambodia,Network Administration,N
D98715036C,Margeret Ramona Mizner,Myanmar,Network Cabling,N
V46068495V,Charley Jarrod Ducey,Cambodia,CNC Maintenance,Y
T78142815Y,Michaela Freeda Forrester,Brunei,Graphic Design,N
E81132824G,Elida Shameka Fryberger,Singapore,Cooking,N
D87917335K,Dixie Jarrod Filippucci,Myanmar,Internet of Things,N
D26132511G,Alan Kandi Tavitian,Myanmar,Industrial Control,Y
K77532168Q,Brande Eleonore Depifanio,Laos,Network Administration,Y
A23912927D,Charley Brook Brien,Malaysia,Rapid Transit,N
K91805040R,Maisha Filiberto Sit,Laos,Mobile Robotics,Y
E60599299Z,Glenna Freeda Chu-chun-lin,Singapore,Refigeration,N
K74009116R,Elida Eda Ducey,Laos,Fashion,N
D48105520Y,Valda Kesha Ducey,Myanmar,Software Solutions,N
E62114885W,Charley Shameka Lipatova,Singapore,Internet of Things,N
A52283339P,Glenna Evangelina Suttell,Malaysia,Graphic Design,N
T19951142Q,Charley Kesha Depifanio,Brunei,Automobile,Y
B50071329V,Marcie Harley Joung,Thailand,Refigeration,N
A80918812L,Linnie Carissa Joung,Malaysia,Electrical Installation,N
X22163919F,Charley Ramona Depifanio,Indonesia,Refigeration,N
A59490006D,Chad Kandi Brien,Malaysia,Mobile Robotics,N
N71111264T,Lulu Annemarie Vancura,Vietnam,Network Administration,N
C87025201Y,Dixie Twanda Brunet,Philippines,Industrial Control,Y
B77392999W,Glenna Kandi Depifanio,Thailand,Mechanical CAD,Y
C79409472C,Maisha Shameka Cassell,Philippines,Refigeration,N
C25701496D,Nichelle Twanda Kennedy,Philippines,Electronics,N
B18277170M,Ayako Kathi Filippucci,Thailand,Software Solutions,Y
D68411242S,Jannette Twana Depifanio,Myanmar,Mobile Robotics,Y
N89975103V,Eleonora Gwenda Knuttunen,Vietnam,Mechanical CAD,N
D41738877J,Vilma Shameka Suttell,Myanmar,Automobile,Y
A76287562B,Nichelle Cyndy Joung,Malaysia,Mechatronics,Y
V79638740O,Linnie Brook Diaconis,Cambodia,Mobile Robotics,Y
T63244270E,Kym Juana Joung,Brunei,Hairdressing,N
T77912506R,Julius Margeret Mizner,Brunei,Refigeration,N
D59283042G,Eleonora Kathi Cassell,Myanmar,Software Solutions,N
T16406587V,Cecilia Gwenda Lipatova,Brunei,Mechatronics,Y
K13529456X,Shante Eleonore Knuttunen,Laos,Industrial Control,N
B98723387K,Kym Twana Neel,Thailand,Internet of Things,Y
N70867266N,Brande Kesha Brien,Vietnam,Web Technologies,N
K72199356Z,Eleonora Kandi Philipson,Laos,Web Technologies,Y
X10532801V,Charley Ramona Chu-chun-lin,Indonesia,Beauty Therapy,N
E72131884M,Glenna Cyndy Mizner,Singapore,Mobile Robotics,Y
E71843195P,Charley Ruthe Dangerfield,Singapore,Network Administration,N
D85232738G,Jannette Evangelina Arber,Myanmar,Graphic Design,N
K85465822K,Dixie Shameka Elton,Laos,Automobile,N
B98450775J,Elida Kathi Blackbourn,Thailand,Cooking,Y
B38584554Q,Cyndy Eda Blackbourn,Thailand,Network Administration,Y
B66090430I,Linnie Shelby Knuttunen,Thailand,Graphic Design,Y
T87725307T,Margeret Juana Elton,Brunei,CNC Maintenance,N
K91997170A,Cyndy Kandi Kennedy,Laos,Network Administration,Y
D21360863B,Marcie Margeret Brzoza,Myanmar,Internet of Things,N
V51779727H,Cecilia Kathi Lipatova,Cambodia,Hairdressing,N
T16269500C,Vilma Shameka Clement,Brunei,Web Technologies,N
N20065497L,Cyndy Shelby Diaconis,Vietnam,Web Technologies,N
C76851228I,Kym Evangelina Philipson,Philippines,Internet of Things,Y
A41572072S,Jannette Kesha Vancura,Malaysia,Mechatronics,Y
X13888762R,Osvaldo Annemarie Philipson,Indonesia,Fashion,N
E38354510B,Shyla Evangelina Clement,Singapore,Electronics,N
X30146318P,Cyndy Margeret Lipatova,Indonesia,Graphic Design,N
C50246158C,Cecilia Jenise Neel,Philippines,Industrial Automation,N
K83143260H,Michaela Harley Harrow,Laos,Mechatronics,N
A46038276K,Cecilia Eleonore Chu-chun-lin,Malaysia,Rapid Transit,N
D55405558F,Fleta Carlotta Depifanio,Myanmar,Software Solutions,N
V69142001C,Laree Kathi Neel,Cambodia,Mobile Robotics,N
K11594843Z,Eleonora Ruthe Brien,Laos,Web Technologies,N
X27635229S,Dixie Aleshia Suttell,Indonesia,Hairdressing,N
N53780164P,Valda Shelby Knuttunen,Vietnam,Network Administration,N
K84739456Z,Fleta Carlotta Brien,Laos,Industrial Automation,Y
A81240367J,Linnie Eleonore Filippucci,Malaysia,Mechatronics,N
A51198786A,Marcie Jarrod Cassell,Malaysia,Restaurant Service,Y
C41805827K,Kym Shelby Cassell,Philippines,Electrical Installation,N
T55228815O,Jannette Juana Oettgen,Brunei,Mechanical CAD,Y
C21044521Y,Julius Jannette Sit,Philippines,Software Solutions,Y
E19742677E,Brande Shyla Brunet,Singapore,Industrial Control,N
K54137045W,Margeret Kesha Dangerfield,Laos,Cooking,N
D15540079B,Osvaldo Kandi Clement,Myanmar,Electrical Installation,N
X17401916V,Osvaldo Gwenda Vancura,Indonesia,Graphic Design,N
B38992030U,Nelida Eda Philipson,Thailand,Mechatronics,N
K69753257T,Eleonora Evangelina Suttell,Laos,Beauty Therapy,N
E41008702S,Brande Merna Vancura,Singapore,Internet of Things,Y
X18436437Q,Julius Margeret Philipson,Indonesia,Mobile Robotics,N
D82334705H,Cyndy Shameka Fryberger,Myanmar,Restaurant Service,N
K84344031H,Charley Carlotta Brzoza,Laos,Software Solutions,N
T64558903R,Julius Errol Harrow,Brunei,Web Technologies,N
C44386927Y,Cyndy Aleshia Suttell,Philippines,Mechanical CAD,N
X49240196O,Maisha Brook Depifanio,Indonesia,Cooking,N
B87249616M,Ayako Brook Chu-chun-lin,Thailand,CNC Maintenance,N
B12477227C,Laree Kandi Forrester,Thailand,Electronics,N
B43309944Q,Shyla Kesha Brien,Thailand,Electronics,N
C10785237Y,Dixie Jannette Arber,Philippines,Internet of Things,N
X28205181A,Jannette Margeret Fryberger,Indonesia,CNC Maintenance,Y
V97557762T,Cecilia Harley Neel,Cambodia,Network Cabling,Y
N24235202W,Alan Jannette Brzoza,Vietnam,Web Technologies,N
T87432466U,Cyndy Eleonore Cassell,Brunei,Industrial Automation,N
B63958304D,Margeret Brook Mizner,Thailand,Rapid Transit,Y
N27006019G,Julius Jenise Clement,Vietnam,Software Solutions,Y
C86259153U,Brande Errol Neel,Philippines,Software Solutions,Y
D38419805U,Eleonora Juana Dangerfield,Myanmar,Software Solutions,N
C68675273M,Ayako Carlotta Brzoza,Philippines,Rapid Transit,N
K95107119T,Eleonore Errol Kennedy,Laos,Internet of Things,Y
K37319743C,Laree Gwenda Chu-chun-lin,Laos,Internet of Things,Y
D22187459P,Margeret Kandi Lipatova,Myanmar,Web Technologies,N
C91290827D,Eleonore Kandi Vancura,Philippines,CNC Maintenance,Y
V43833997E,Margeret Freeda Filippucci,Cambodia,Fashion,N
N78785305W,Laree Filiberto Brien,Vietnam,Electrical Installation,N
A42872563T,Nelida Evangelina Forrester,Malaysia,Rapid Transit,Y
V95703516T,Cecilia Kesha Fryberger,Cambodia,Fashion,N
K19088722R,Charley Antione Neel,Laos,Electrical Installation,N
N80421596G,Eleonore Carlotta Philipson,Vietnam,Electrical Installation,N
N80943471Y,Glenna Kandi Depifanio,Vietnam,Electronics,Y
V58722470P,Charley Twana Neel,Cambodia,CNC Maintenance,N
T36685165U,Glenna Jarrod Dangerfield,Brunei,Electrical Installation,Y
K83886544E,Lulu Filiberto Brzoza,Laos,Industrial Control,Y
D11300744U,Salvatore Filiberto Elton,Myanmar,Internet of Things,N
C45715449W,Brande Eda Ducey,Philippines,Restaurant Service,Y
A39289754B,Michaela Shameka Kennedy,Malaysia,CNC Maintenance,N
A23513526B,Lulu Freeda Brien,Malaysia,Graphic Design,Y
N88992260P,Shante Shelby Brunet,Vietnam,Beauty Therapy,N
X75975221A,Osvaldo Jenise Suttell,Indonesia,Automobile,Y
T72079357V,Jannette Ruthe Depifanio,Brunei,Mechatronics,N
N75357201W,Lulu Ramona Lipatova,Vietnam,Network Administration,N
V10157481K,Cecilia Jenise Brien,Cambodia,Industrial Control,N
D42521994Z,Margeret Jenise Lipatova,Myanmar,Refigeration,Y
N10696693T,Michaela Ramona Brien,Vietnam,Graphic Design,N
X82049453H,Maisha Shelby Suttell,Indonesia,Automobile,N
D15977128J,Vilma Juana Joung,Myanmar,Internet of Things,N
B90749628M,Cristobal Juana Knuttunen,Thailand,Restaurant Service,N
C30466879K,Valda Kathi Brunet,Philippines,Rapid Transit,N
A38061761P,Chad Eda Oettgen,Malaysia,Hairdressing,N
B14588747Q,Linnie Merna Filippucci,Thailand,Cooking,N
D56273455C,Marcie Gil Forrester,Myanmar,Electrical Installation,Y
X88410050J,Kym Harley Ducey,Indonesia,Web Technologies,N
V56539332I,Julius Ramona Suttell,Cambodia,Web Technologies,N
N92436108P,Shyla Twanda Clement,Vietnam,Software Solutions,N
K71989059M,Osvaldo Errol Cassell,Laos,Hairdressing,Y
E17753357Q,Salvatore Twana Elton,Singapore,Beauty Therapy,N
E16387034V,Glenna Ruthe Filippucci,Singapore,Graphic Design,N
B74658197Q,Kym Cyndy Ducey,Thailand,Mechatronics,N
B30886671X,Nelida Kesha Clement,Thailand,Graphic Design,N
B35374346Q,Odelia Shyla Suttell,Thailand,Fashion,Y
N58731423L,Brande Harley Dangerfield,Vietnam,Refigeration,N
E56976585O,Elida Antione Philipson,Singapore,Electrical Installation,N
N67918640Y,Salvatore Shyla Knuttunen,Vietnam,Beauty Therapy,N
D87064619L,Jannette Merna Ducey,Myanmar,Network Administration,N
C86217584V,Ayako Carissa Suttell,Philippines,Restaurant Service,Y
B87147921T,Shyla Kandi Chu-chun-lin,Thailand,Electronics,Y
A50536982S,Julius Shyla Chu-chun-lin,Malaysia,Electronics,N
K62886964B,Chad Kesha Blackbourn,Laos,Mechatronics,N
A39163696E,Dixie Brook Filippucci,Malaysia,Graphic Design,N
D24157936M,Brande Jenise Joung,Myanmar,Web Technologies,Y
C99132157X,Shante Eda Blackbourn,Philippines,Internet of Things,N
C77373572K,Cristobal Gil Forrester,Philippines,Mechatronics,Y
A65238680Z,Nichelle Gil Ducey,Malaysia,Software Solutions,N
N82743382W,Eleonora Harley Filippucci,Vietnam,Internet of Things,N
V30827638C,Lulu Shameka Brien,Cambodia,Internet of Things,N
C72967708T,Odelia Juana Depifanio,Philippines,Industrial Control,N
E34745642W,Valda Kathi Depifanio,Singapore,Hairdressing,N
V78688293S,Charley Evangelina Sit,Cambodia,Industrial Control,Y
T85922719P,Laree Jenise Brunet,Brunei,Rapid Transit,Y
V45486174T,Jannette Evangelina Tavitian,Cambodia,Cooking,N
E15924324Q,Charley Kesha Joung,Singapore,Cooking,N
X43307002R,Salvatore Shelby Lipatova,Indonesia,Network Cabling,Y
V14557221O,Ayako Jenise Forrester,Cambodia,Cooking,N
C54924543W,Shante Twanda Harrow,Philippines,Refigeration,N
D44680684K,Michaela Kathi Neel,Myanmar,Beauty Therapy,Y
E77890497W,Cecilia Jannette Diaconis,Singapore,Mechanical CAD,N
D36365458J,Nelida Cyndy Blackbourn,Myanmar,Electrical Installation,Y
D46205834B,Salvatore Filiberto Suttell,Myanmar,Mechatronics,Y
E64692949W,Cyndy Carissa Ducey,Singapore,Rapid Transit,N
N79465461S,Fleta Juana Brunet,Vietnam,Mechanical CAD,N
K88314095F,Charley Carissa Cassell,Laos,Cooking,N
A29366199C,Eleonora Merna Filippucci,Malaysia,Web Technologies,N
D63663542O,Vilma Shelby Mizner,Myanmar,Graphic Design,N
B65494515F,Glenna Juana Lipatova,Thailand,Web Technologies,Y
B64887656Q,Salvatore Shyla Oettgen,Thailand,Mobile Robotics,Y
N38999671T,Salvatore Cyndy Kennedy,Vietnam,Graphic Design,N
E96351120A,Salvatore Annemarie Harrow,Singapore,Hairdressing,N
K93394022I,Cyndy Ramona Knuttunen,Laos,Rapid Transit,Y
T19611555K,Ayako Filiberto Chu-chun-lin,Brunei,Mechatronics,Y
K88926021Q,Glenna Antione Joung,Laos,Mobile Robotics,N
V68956950L,Ayako Gwenda Brunet,Cambodia,Industrial Automation,N
C16676597E,Eleonora Jannette Depifanio,Philippines,Internet of Things,N
N58543188W,Elida Margeret Kennedy,Vietnam,Refigeration,N
B33028862Y,Glenna Aleshia Cassell,Thailand,Hairdressing,N
A58744020W,Shyla Carlotta Brien,Malaysia,Mechanical CAD,N
C98384941F,Alan Brook Clement,Philippines,Mechatronics,N
T12964364X,Fleta Aleshia Tavitian,Brunei,Restaurant Service,N
E92984663P,Alan Carissa Arber,Singapore,Beauty Therapy,N
T49579555J,Shyla Eleonore Suttell,Brunei,Automobile,Y
A19016048G,Shyla Ruthe Brunet,Malaysia,Beauty Therapy,N
E60635971H,Linnie Gwenda Forrester,Singapore,Network Administration,N
T14993152P,Glenna Filiberto Brunet,Brunei,Web Technologies,N
B25747947A,Elida Freeda Kennedy,Thailand,Mobile Robotics,N
C61690904K,Marcie Gwenda Sit,Philippines,Network Cabling,N
E84446356F,Dixie Kandi Suttell,Singapore,Electrical Installation,N
B72196883X,Shyla Shameka Arber,Thailand,Industrial Automation,N
B84297222D,Valda Shyla Mizner,Thailand,Electrical Installation,Y
B85699402N,Julius Eleonore Mizner,Thailand,Electrical Installation,N
D35394779A,Shyla Cyndy Chu-chun-lin,Myanmar,Mechanical CAD,Y
B10139819X,Cyndy Shameka Mizner,Thailand,Network Cabling,Y
B26984115X,Elida Ruthe Harrow,Thailand,Automobile,N
D26598072Z,Nichelle Brook Brzoza,Myanmar,Network Administration,N
B30722689J,Nelida Harley Depifanio,Thailand,Cooking,Y
V42488171P,Nichelle Cyndy Filippucci,Cambodia,Network Administration,N
T68673053F,Osvaldo Gwenda Clement,Brunei,Beauty Therapy,N
E33777409L,Cyndy Kandi Arber,Singapore,Software Solutions,N
E14966618Y,Eleonore Juana Arber,Singapore,Mechanical CAD,N
X97474621J,Shyla Annemarie Depifanio,Indonesia,Electrical Installation,N
B88486342A,Osvaldo Carlotta Cassell,Thailand,Electrical Installation,N
N49821416C,Vilma Ruthe Sit,Vietnam,Software Solutions,N
N14296827A,Maisha Jenise Chu-chun-lin,Vietnam,Beauty Therapy,N
X20129465V,Cecilia Margeret Joung,Indonesia,Refigeration,N
B55881877Y,Kym Annemarie Arber,Thailand,Industrial Automation,N
K40596212H,Cyndy Kandi Sit,Laos,Internet of Things,N
A19367393F,Michaela Filiberto Vancura,Malaysia,Electronics,Y
D76465864O,Michaela Shameka Brunet,Myanmar,Fashion,N
V63266434G,Glenna Ruthe Brzoza,Cambodia,Beauty Therapy,N
C50430423N,Glenna Carissa Blackbourn,Philippines,Graphic Design,N
D11608108Z,Laree Kathi Forrester,Myanmar,Automobile,N
V91400800R,Glenna Margeret Clement,Cambodia,Refigeration,N
X31558825C,Alan Ramona Forrester,Indonesia,Industrial Automation,N
V22360196F,Eleonore Eleonore Filippucci,Cambodia,Refigeration,N
C72141577G,Shante Errol Brunet,Philippines,Hairdressing,N
A72976620Q,Shante Twanda Fryberger,Malaysia,CNC Maintenance,N
V11364408L,Alan Annemarie Suttell,Cambodia,Industrial Automation,N
K88521592F,Shante Eleonore Philipson,Laos,Rapid Transit,N
V74758130O,Lulu Shyla Depifanio,Cambodia,Electrical Installation,Y
N23600749X,Valda Kesha Mizner,Vietnam,Mechanical CAD,N
C98765425I,Cyndy Ramona Tavitian,Philippines,Automobile,N
E64841228K,Marcie Aleshia Clement,Singapore,Fashion,Y
T85106734X,Alan Freeda Brien,Brunei,Internet of Things,Y
N15477523R,Alan Shameka Harrow,Vietnam,CNC Maintenance,N
V67181752A,Charley Carissa Elton,Cambodia,Electronics,Y
D81882948Q,Lulu Carissa Chu-chun-lin,Myanmar,Network Administration,N
T19942168X,Glenna Harley Mizner,Brunei,CNC Maintenance,Y
T37693034Y,Dixie Jenise Harrow,Brunei,Rapid Transit,N
N47923497S,Nichelle Jarrod Dangerfield,Vietnam,Electrical Installation,Y
E82008319G,Elida Jarrod Oettgen,Singapore,Web Technologies,N
V19024539B,Glenna Filiberto Brien,Cambodia,Electrical Installation,N
D19056584P,Shante Merna Elton,Myanmar,Mechatronics,N
A85766138K,Nelida Merna Sit,Malaysia,Industrial Control,Y
D84864580W,Shante Filiberto Clement,Myanmar,Graphic Design,N
K23735341I,Eleonore Brook Vancura,Laos,Electronics,N
V36017595G,Valda Ruthe Clement,Cambodia,Automobile,N
V41321076W,Marcie Shyla Kennedy,Cambodia,Automobile,N
V21077789N,Vilma Gil Sit,Cambodia,Electronics,N
K62216588L,Vilma Freeda Kennedy,Laos,Industrial Automation,Y
B61889364B,Ayako Aleshia Suttell,Thailand,Network Cabling,N
K14377641O,Elida Twana Sit,Laos,Fashion,N
B25386903X,Ayako Margeret Brunet,Thailand,Software Solutions,Y
X79915672W,Cecilia Aleshia Brien,Indonesia,Refigeration,N
V17326341L,Fleta Shyla Fryberger,Cambodia,Software Solutions,N
X94721635Q,Laree Errol Filippucci,Indonesia,Software Solutions,N
B18970746X,Valda Twana Filippucci,Thailand,Network Administration,N
B14959571B,Charley Brook Clement,Thailand,Internet of Things,N
X39512901Z,Linnie Antione Lipatova,Indonesia,Electrical Installation,N
K69205908A,Michaela Errol Brien,Laos,Mechatronics,N
N15236303Z,Glenna Twanda Dangerfield,Vietnam,CNC Maintenance,N
V10313957G,Chad Kandi Joung,Cambodia,Mechatronics,N
T45139230G,Salvatore Aleshia Mizner,Brunei,Mechatronics,Y
N17566616M,Brande Carlotta Oettgen,Vietnam,Web Technologies,N
N40472962M,Kym Evangelina Joung,Vietnam,Mechanical CAD,Y
K74520832G,Maisha Cyndy Joung,Laos,CNC Maintenance,N
D75370979I,Cristobal Aleshia Cassell,Myanmar,Refigeration,Y
A95424880K,Linnie Gwenda Arber,Malaysia,Internet of Things,N
T31752555O,Marcie Kandi Ducey,Brunei,Graphic Design,N
X76854871T,Elida Shyla Kennedy,Indonesia,Cooking,N
K39758343L,Osvaldo Errol Forrester,Laos,Rapid Transit,N
E39275905Q,Eleonora Annemarie Neel,Singapore,Cooking,N
D72814674P,Laree Brook Brunet,Myanmar,Mobile Robotics,N
V61657927A,Osvaldo Jarrod Kennedy,Cambodia,Industrial Automation,Y
