Helper ID, Helper Name, Available From, Available To
1488,Elida Errol Elton,12:00,17:59
6676,Lulu Errol Depifanio,13:00,18:59
2634,Cecilia Harley Depifanio,14:00,19:59
8899,Fleta Margeret Arber,10:00,15:59
9332,Vilma Twanda Knuttunen,18:00,23:59
3347,Glenna Brook Dangerfield,16:00,21:59
4808,Dixie Margeret Joung,18:00,23:59
8961,Brande Evangelina Filippucci,9:00,14:59
7477,Vilma Eleonore Blackbourn,9:00,14:59
6973,Kym Jarrod Harrow,13:00,18:59
2340,Salvatore Eleonore Brunet,15:00,20:59
7615,Maisha Margeret Brzoza,10:00,15:59
3181,Salvatore Kandi Cassell,15:00,20:59
9377,Laree Errol Ducey,13:00,18:59
4795,Lulu Aleshia Blackbourn,15:00,20:59
4852,Marcie Freeda Suttell,9:00,14:59
4203,Marcie Shameka Kennedy,14:00,19:59
4554,Fleta Twana Harrow,18:00,23:59
7544,Cecilia Cyndy Fryberger,12:00,17:59
8413,Dixie Eda Diaconis,18:00,23:59
4864,Maisha Eda Lipatova,12:00,17:59
2676,Fleta Ramona Forrester,13:00,18:59
9974,Jannette Freeda Depifanio,18:00,23:59
3989,Nelida Shelby Suttell,16:00,21:59
5440,Dixie Brook Joung,9:00,14:59
7875,Michaela Margeret Arber,10:00,15:59
4053,Cecilia Cyndy Brzoza,12:00,17:59
7015,Eleonore Jannette Vancura,18:00,23:59
8381,Marcie Filiberto Neel,12:00,17:59
1808,Marcie Jarrod Suttell,13:00,18:59
3894,Cyndy Cyndy Joung,14:00,19:59
3527,Laree Gwenda Elton,10:00,15:59
9434,Kym Kathi Arber,17:00,22:59
4368,Laree Annemarie Lipatova,13:00,18:59
9821,Linnie Shameka Lipatova,12:00,17:59
6024,Fleta Carlotta Vancura,13:00,18:59
3990,Fleta Gwenda Kennedy,15:00,20:59
7629,Brande Shelby Vancura,9:00,14:59
9781,Cyndy Freeda Sit,15:00,20:59
9741,Osvaldo Jarrod Elton,10:00,15:59
6430,Dixie Gil Philipson,15:00,20:59
7803,Nichelle Shameka Joung,13:00,18:59
4155,Odelia Errol Cassell,17:00,22:59
5426,Osvaldo Carlotta Blackbourn,12:00,17:59
9999,Nelida Antione Dangerfield,11:00,16:59
9273,Brande Evangelina Brunet,9:00,14:59
6842,Laree Evangelina Brien,16:00,21:59
8224,Cecilia Eleonore Mizner,15:00,20:59
3930,Laree Jannette Chu-chun-lin,11:00,16:59
6560,Salvatore Shelby Brien,13:00,18:59
9410,Alan Carlotta Mizner,17:00,22:59
3666,Marcie Evangelina Ducey,10:00,15:59
5004,Julius Antione Dangerfield,12:00,17:59
5404,Lulu Jannette Vancura,15:00,20:59
5955,Charley Filiberto Diaconis,10:00,15:59
8953,Margeret Ramona Philipson,11:00,16:59
4124,Shante Carissa Blackbourn,17:00,22:59
2473,Shante Cyndy Tavitian,9:00,14:59
1263,Fleta Kandi Mizner,14:00,19:59
5564,Linnie Jannette Mizner,12:00,17:59
4202,Laree Shyla Mizner,13:00,18:59
1243,Cecilia Jarrod Chu-chun-lin,17:00,22:59
3971,Laree Shelby Filippucci,17:00,22:59
3621,Ayako Eleonore Brzoza,12:00,17:59
7482,Glenna Aleshia Brunet,17:00,22:59
4038,Michaela Ramona Elton,10:00,15:59
4736,Brande Jarrod Suttell,13:00,18:59
9568,Ayako Jenise Philipson,9:00,14:59
6375,Alan Juana Ducey,13:00,18:59
2093,Osvaldo Shelby Brien,18:00,23:59
1173,Osvaldo Jarrod Brunet,12:00,17:59
8529,Glenna Merna Philipson,11:00,16:59
3090,Margeret Shelby Chu-chun-lin,11:00,16:59
2060,Alan Twanda Clement,13:00,18:59
9485,Shante Twanda Oettgen,14:00,19:59
5352,Marcie Carissa Blackbourn,9:00,14:59
8039,Jannette Filiberto Philipson,14:00,19:59
2961,Vilma Kesha Oettgen,14:00,19:59
7562,Linnie Filiberto Mizner,13:00,18:59
9294,Salvatore Carlotta Vancura,18:00,23:59
9922,Cyndy Gwenda Lipatova,10:00,15:59
9102,Julius Twana Arber,17:00,22:59
3951,Elida Kathi Kennedy,17:00,22:59
5381,Cecilia Gil Tavitian,10:00,15:59
8539,Laree Evangelina Chu-chun-lin,12:00,17:59
1955,Laree Annemarie Chu-chun-lin,9:00,14:59
6716,Osvaldo Filiberto Lipatova,12:00,17:59
5399,Laree Eleonore Lipatova,18:00,23:59
1286,Elida Jannette Neel,12:00,17:59
7239,Chad Kandi Fryberger,15:00,20:59
9672,Maisha Jenise Elton,18:00,23:59
5451,Chad Ramona Elton,11:00,16:59
9668,Osvaldo Jannette Ducey,17:00,22:59
9295,Elida Twanda Fryberger,17:00,22:59
3720,Glenna Brook Arber,18:00,23:59
9880,Salvatore Ruthe Vancura,16:00,21:59
2807,Dixie Aleshia Brunet,18:00,23:59
4028,Julius Jarrod Fryberger,12:00,17:59
3078,Fleta Juana Vancura,12:00,17:59
2343,Vilma Brook Chu-chun-lin,11:00,16:59
